TN,TP,FN,FP,prog,complete,score,falseRate,--explicit-symbolic,--libc=klee,--malloc-never-fails,--no-slice,--no-prepare,--no-kernel,--no-libc,--no-posix,--overflow-with-clang,--require-slicer,--undefined-are-pure,--undefined-retval-nosym,--pta,--repeat-slicing,optimize-before,optimize-after
70,132,31,1,670,234,-736.0,13.6752136752,off,off,off,off,on,off,off,on,off,off,off,on,fs,5,before-O3,off
70,76,91,0,670,237,-2696.0,38.3966244726,on,on,off,off,off,on,on,off,on,off,on,off,fs,5,before-conservative,after-conservative
68,136,31,0,670,235,-720.0,13.1914893617,off,off,off,off,off,on,on,on,off,off,on,on,fs,3,before-conservative,off
60,187,1,0,670,248,275.0,0.403225806452,on,off,off,on,off,on,on,on,off,on,off,off,inv,10,before-O3,after-conservative
54,127,31,1,670,213,-773.0,15.0234741784,off,on,off,off,off,off,off,off,off,off,off,off,fi,10,off,after-O2
42,123,10,0,670,175,-113.0,5.71428571429,off,on,on,on,off,off,off,off,on,on,on,off,fi,5,before-O2,after-O3
60,125,10,0,670,195,-75.0,5.12820512821,on,on,on,on,off,on,on,off,on,off,off,off,fi,10,before-O3,off
85,68,91,1,670,245,-2690.0,37.5510204082,on,off,off,off,on,off,off,off,on,off,off,on,fs,10,before-O2,after-O3
46,116,64,1,670,227,-1856.0,28.6343612335,off,off,off,off,on,on,on,on,on,off,off,off,inv,1,before-O2,off
70,136,31,1,670,238,-732.0,13.4453781513,off,on,on,off,on,off,on,on,off,off,off,on,fi,3,off,after-O3
71,79,91,1,670,242,-2707.0,38.0165289256,off,off,off,off,on,on,on,on,on,off,on,on,inv,3,before-O2,after-O3
60,187,1,0,670,248,275.0,0.403225806452,on,off,off,on,off,on,off,off,off,on,on,off,fi,5,before-O3,after-O3
58,123,10,0,670,191,-81.0,5.23560209424,off,off,on,on,off,on,on,off,on,on,on,on,inv,2,before-O3,off
73,188,1,0,670,262,302.0,0.381679389313,on,off,on,on,on,on,on,off,off,on,off,on,inv,2,before-conservative,after-O2
71,125,10,0,670,206,-53.0,4.85436893204,on,on,off,on,off,off,off,on,on,on,on,on,inv,3,off,off
60,177,4,0,670,241,169.0,1.65975103734,on,on,on,off,off,on,off,off,off,off,on,off,inv,1,off,after-conservative
42,185,1,0,670,228,237.0,0.438596491228,off,on,off,on,off,on,off,on,off,on,off,off,fs,5,before-O2,after-O2
74,110,64,0,670,248,-1790.0,25.8064516129,on,off,on,off,off,off,off,off,on,off,off,on,fs,2,off,off
60,187,1,0,670,248,275.0,0.403225806452,on,on,on,on,on,off,off,on,off,on,on,off,fs,3,before-conservative,after-O3
42,185,1,0,670,228,237.0,0.438596491228,off,off,on,on,off,on,off,on,off,on,off,off,fi,3,off,after-O2
84,127,31,1,670,243,-713.0,13.1687242798,on,off,on,off,on,on,on,off,off,off,on,on,fs,10,before-O3,after-O2
55,84,90,1,670,230,-2702.0,39.5652173913,off,off,off,off,on,on,on,on,on,off,on,off,inv,2,before-O2,after-O3
60,187,1,0,670,248,275.0,0.403225806452,on,off,on,on,off,on,on,off,off,on,on,off,fs,3,before-O2,off
58,122,10,0,670,190,-82.0,5.26315789474,off,on,on,on,on,off,off,off,on,on,on,on,inv,1,before-O2,after-O3
58,184,1,0,670,243,268.0,0.411522633745,off,on,off,on,on,off,off,on,off,on,on,on,inv,10,before-O3,after-O3
42,123,10,0,670,175,-113.0,5.71428571429,off,off,off,on,on,on,on,on,on,off,off,off,fs,1,off,after-O3
83,84,90,0,670,257,-2630.0,35.0194552529,on,on,off,off,off,off,on,on,on,off,off,on,inv,2,before-conservative,after-conservative
54,126,31,1,670,212,-774.0,15.0943396226,off,on,off,off,on,off,on,on,off,off,on,off,fs,10,before-conservative,after-O2
76,119,64,1,670,260,-1793.0,25.0,on,on,on,off,off,on,on,off,on,off,off,on,inv,1,before-conservative,after-O3
60,187,1,0,670,248,275.0,0.403225806452,on,on,on,on,off,off,on,on,off,on,on,off,fi,10,off,after-O3
56,123,10,0,670,189,-85.0,5.29100529101,off,off,off,on,on,on,off,off,on,on,on,on,fs,10,off,after-conservative
40,185,1,0,670,226,233.0,0.442477876106,off,off,off,on,on,off,on,off,off,on,off,off,fi,1,before-conservative,off
71,125,10,0,670,206,-53.0,4.85436893204,on,off,on,on,off,off,off,on,on,on,off,on,fs,10,before-conservative,off
53,82,90,0,670,225,-2692.0,40.0,off,on,on,off,off,off,off,on,on,off,on,off,fi,2,off,after-conservative
71,136,31,1,670,239,-730.0,13.3891213389,on,off,on,off,on,off,on,off,off,off,off,off,fi,3,before-O3,off
58,123,10,0,670,191,-81.0,5.23560209424,off,on,on,on,on,on,on,on,on,on,on,on,fi,2,before-O3,after-conservative
58,123,10,0,670,191,-81.0,5.23560209424,off,on,off,on,off,on,off,off,on,on,off,on,inv,1,before-conservative,after-O2
70,140,30,1,670,241,-696.0,12.8630705394,off,off,off,off,on,on,on,off,off,off,off,on,fs,2,off,after-O2
56,123,10,0,670,189,-85.0,5.29100529101,off,on,off,on,on,off,on,off,on,on,off,on,fi,3,before-conservative,after-conservative
60,125,10,0,670,195,-75.0,5.12820512821,on,on,on,on,on,on,on,off,on,on,on,off,inv,3,before-conservative,after-O2
58,123,10,0,670,191,-81.0,5.23560209424,off,on,off,on,off,on,off,off,on,off,on,on,fs,3,before-O3,after-O2
60,125,10,0,670,195,-75.0,5.12820512821,on,off,on,on,off,on,on,on,on,on,on,off,inv,10,before-O2,after-O2
60,125,10,0,670,195,-75.0,5.12820512821,on,off,off,on,on,off,on,off,on,off,off,off,fi,1,before-O2,after-conservative
71,143,30,1,670,245,-691.0,12.6530612245,on,off,off,off,off,on,off,off,off,off,on,off,fi,2,before-O3,after-O3
60,125,10,0,670,195,-75.0,5.12820512821,on,off,on,on,on,off,off,on,on,off,on,off,fi,10,before-O2,off
84,134,31,1,670,250,-706.0,12.8,on,on,off,off,off,on,on,on,off,off,on,on,fi,5,before-O2,after-O3
62,176,4,1,670,243,156.0,2.05761316872,on,on,on,off,off,off,on,off,off,off,off,off,fs,1,before-O3,after-conservative
70,141,30,1,670,242,-695.0,12.8099173554,off,on,on,off,on,off,off,on,off,off,on,on,fi,2,before-O2,after-O2
58,123,10,0,670,191,-81.0,5.23560209424,off,on,on,on,off,off,on,on,on,off,on,on,fs,2,before-conservative,after-O3
60,125,10,0,670,195,-75.0,5.12820512821,on,off,on,on,off,on,on,on,on,on,off,off,fs,5,off,after-O3
52,132,31,0,670,215,-756.0,14.4186046512,off,off,on,off,off,on,off,on,off,off,off,off,fi,5,off,after-conservative
58,185,1,0,670,244,269.0,0.409836065574,off,on,on,on,on,off,on,on,off,on,off,on,fi,10,before-O2,after-conservative
60,187,1,0,670,248,275.0,0.403225806452,on,on,on,on,on,off,on,on,off,off,off,off,inv,5,before-O2,off
60,187,1,0,670,248,275.0,0.403225806452,on,off,off,on,off,on,on,off,off,on,on,off,fs,2,before-O2,after-conservative
71,188,1,0,670,260,298.0,0.384615384615,on,on,off,on,on,on,off,on,off,on,on,on,fi,5,off,off
60,125,10,0,670,195,-75.0,5.12820512821,on,off,off,on,off,on,on,off,on,on,off,off,fi,10,before-conservative,after-O3
46,117,64,1,670,228,-1855.0,28.5087719298,off,off,off,off,on,on,off,off,on,off,on,off,inv,1,before-O3,off
85,76,91,1,670,253,-2682.0,36.3636363636,on,off,on,off,on,off,off,off,on,off,off,on,inv,5,off,after-O2
58,123,10,0,670,191,-81.0,5.23560209424,off,off,on,on,on,on,on,off,on,on,on,on,inv,5,before-O3,after-O2
58,126,10,0,670,194,-78.0,5.15463917526,on,on,off,on,on,on,on,off,on,on,on,off,fs,3,off,after-conservative
56,123,10,0,670,189,-85.0,5.29100529101,off,off,on,on,off,on,on,on,on,on,on,on,fs,1,before-conservative,after-conservative
58,125,10,0,670,193,-79.0,5.18134715026,on,on,on,on,off,off,off,off,on,off,off,off,fi,2,before-conservative,off
84,137,31,1,670,253,-703.0,12.6482213439,on,off,off,off,off,off,off,on,off,off,off,on,inv,3,before-O3,after-conservative
60,125,10,0,670,195,-75.0,5.12820512821,on,off,on,on,off,off,off,on,on,on,off,off,fs,2,before-O3,after-O2
42,123,10,0,670,175,-113.0,5.71428571429,off,on,off,on,off,off,on,off,on,on,off,off,fs,3,before-O3,after-O3
43,154,4,0,670,201,112.0,1.99004975124,off,on,off,off,on,off,off,off,off,off,on,off,inv,10,off,off
58,185,1,0,670,244,269.0,0.409836065574,off,off,off,on,off,off,off,on,off,on,off,on,fi,5,before-O2,after-conservative
54,136,31,1,670,222,-764.0,14.4144144144,off,off,on,off,on,on,off,on,off,off,off,off,inv,3,before-O2,after-conservative
73,187,1,0,670,261,301.0,0.383141762452,on,on,on,on,on,off,off,off,off,on,on,on,fi,1,before-O3,after-O3
60,187,1,0,670,248,275.0,0.403225806452,on,off,off,on,on,off,off,on,off,on,on,off,inv,5,before-conservative,after-O3
71,126,10,0,670,207,-52.0,4.8309178744,on,on,on,on,off,off,on,off,on,on,off,on,fs,1,off,off
73,125,10,0,670,208,-49.0,4.80769230769,on,off,off,on,on,off,off,off,on,on,off,on,inv,2,off,after-O3
53,72,91,0,670,216,-2734.0,42.1296296296,off,off,off,off,on,off,off,on,on,off,off,off,inv,5,before-conservative,off
71,133,31,1,670,236,-733.0,13.5593220339,on,on,on,off,on,on,off,on,off,off,off,off,inv,5,before-O3,after-conservative
75,176,4,1,670,256,182.0,1.953125,on,on,off,off,off,on,on,on,off,off,off,on,fi,1,before-O3,after-O2
58,184,1,0,670,243,268.0,0.411522633745,off,on,on,on,on,off,off,on,off,on,on,on,fi,1,off,after-O2
44,100,64,0,670,208,-1860.0,30.7692307692,off,off,off,off,off,off,on,off,on,off,off,off,inv,5,off,off
60,187,1,0,670,248,275.0,0.403225806452,on,off,off,on,off,off,off,on,off,off,off,off,fs,1,before-O2,after-O2
82,130,31,0,670,243,-698.0,12.7572016461,on,off,off,off,off,off,off,on,off,off,on,on,inv,10,before-conservative,after-conservative
73,187,1,0,670,261,301.0,0.383141762452,on,off,off,on,on,on,off,on,off,off,off,on,fi,2,before-O2,off
70,133,31,1,670,235,-735.0,13.6170212766,off,off,on,off,off,off,off,on,off,off,on,on,fi,5,before-conservative,after-O2
71,79,91,1,670,242,-2707.0,38.0165289256,off,on,off,off,on,off,off,off,on,off,on,on,fi,3,before-O2,after-O2