TN,TP,FN,FP,prog,complete,score,falseRate,--drop-unused-functions,--full-slice,--no-assumptions,--no-built-in-assertions,--no-pretty-names,--no-self-loops-to-assumptions,--nondet-static,--partial-loops,--refine,--refine-strings,--slice-formula,--depth,--unwind,--max-nondet-tree-depth,--min-null-tree-depth,--paths,--mm,arrays-uf,reachability-slice,round,solver
82,210,7,5,1000,304,70.0,3.94736842105,0,0,0,0,0,1,0,0,1,1,1,5000,10,100,0,0,tso,0,0,--round-to-nearest,--boolector
0,0,0,0,1000,0,0.0,0.0,1,1,0,1,1,0,0,1,0,0,1,2000,100,5000,20,0,pso,--arrays-uf-always,--reachability-slice,--round-to-nearest,--boolector
0,0,0,0,1000,0,0.0,0.0,0,0,0,1,1,0,0,1,0,0,0,0,5,2000,0,0,tso,--arrays-uf-always,--reachability-slice,--round-to-nearest,--cprover-smt2
0,0,0,0,1000,0,0.0,0.0,0,0,1,0,0,0,1,1,0,0,1,1000,100,1000,10,fifo,tso,--arrays-uf-always,--reachability-slice,--round-to-minus-inf,--boolector
0,0,0,0,1000,0,0.0,0.0,1,0,1,1,1,0,1,1,0,0,0,2000,100,0,5,fifo,tso,--arrays-uf-always,--reachability-slice,--round-to-nearest,--yices
0,0,0,0,1000,0,0.0,0.0,0,0,1,0,0,1,0,1,0,0,1,5000,1,1000,0,fifo,sc,--arrays-uf-always,0,--round-to-plus-inf,--boolector
0,0,0,0,1000,0,0.0,0.0,0,1,0,0,1,0,1,1,0,0,0,0,100,5000,5,lifo,tso,--arrays-uf-always,--reachability-slice-fb,--round-to-plus-inf,--cprover-smt2
0,0,0,0,1000,0,0.0,0.0,0,1,0,0,1,1,0,1,0,0,0,100,100,100,20,0,tso,--arrays-uf-always,0,--round-to-zero,--yices
0,0,0,0,1000,0,0.0,0.0,0,1,0,0,1,1,1,1,0,0,1,2000,20,0,10,lifo,tso,--arrays-uf-never,0,--round-to-zero,--cprover-smt2
0,0,0,0,1000,0,0.0,0.0,1,1,1,0,1,0,1,1,0,0,0,100,5,1000,100,0,pso,--arrays-uf-always,0,--round-to-nearest,--yices
0,0,0,0,1000,0,0.0,0.0,1,0,1,1,1,0,0,1,0,0,0,5000,1,1000,20,fifo,sc,0,0,--round-to-nearest,--yices
0,0,0,0,1000,0,0.0,0.0,1,0,1,0,0,0,0,1,0,0,1,2000,20,100,100,lifo,sc,--arrays-uf-always,--reachability-slice,--round-to-minus-inf,--yices
0,0,0,0,1000,0,0.0,0.0,1,1,0,1,0,1,1,1,0,0,0,1000,10,0,5,fifo,sc,--arrays-uf-never,0,--round-to-minus-inf,--yices
0,0,0,0,1000,0,0.0,0.0,0,0,0,1,1,0,0,1,0,0,0,1000,10,0,20,lifo,tso,--arrays-uf-never,0,--round-to-zero,--boolector
0,0,0,0,1000,0,0.0,0.0,1,1,0,1,0,0,0,1,0,0,0,5000,20,5000,0,lifo,pso,--arrays-uf-never,--reachability-slice-fb,--round-to-minus-inf,--boolector
0,0,0,0,1000,0,0.0,0.0,1,0,0,1,0,1,1,1,0,0,0,100,100,5000,100,fifo,tso,0,0,--round-to-nearest,--boolector
15,0,1,0,1000,16,-2.0,6.25,1,0,0,0,0,0,1,0,0,0,1,0,1,0,100,fifo,tso,0,0,--round-to-nearest,--yices
83,0,6,0,1000,89,-26.0,6.74157303371,0,0,1,1,0,1,1,0,0,0,0,2000,5,0,100,fifo,tso,--arrays-uf-never,--reachability-slice,--round-to-plus-inf,--yices
77,0,6,0,1000,83,-38.0,7.22891566265,0,0,0,0,0,0,1,0,0,0,1,0,10,5000,100,fifo,tso,0,--reachability-slice-fb,--round-to-plus-inf,--boolector
0,160,0,13,1000,173,-48.0,7.51445086705,1,0,0,1,1,0,0,1,0,1,1,0,100,100,100,lifo,tso,0,0,--round-to-plus-inf,--cvc4
85,0,7,0,1000,92,-54.0,7.60869565217,0,1,0,0,1,0,1,0,0,0,0,1000,1,100,0,fifo,tso,--arrays-uf-never,0,--round-to-nearest,--cprover-smt2
0,68,0,8,1000,76,-60.0,10.5263157895,1,0,0,1,1,1,0,1,1,1,1,100,10,100,0,fifo,tso,0,--reachability-slice,--round-to-plus-inf,--yices
85,0,8,0,1000,93,-86.0,8.60215053763,0,1,1,0,1,1,1,0,0,0,0,2000,5,5000,0,lifo,sc,--arrays-uf-never,--reachability-slice,--round-to-plus-inf,--cprover-smt2
0,73,0,10,1000,83,-87.0,12.0481927711,0,1,0,0,1,0,0,1,0,1,1,100,100,5000,100,lifo,pso,--arrays-uf-always,0,--round-to-plus-inf,--boolector
0,69,0,10,1000,79,-91.0,12.6582278481,1,0,0,1,0,0,0,1,1,0,1,100,5,0,5,fifo,tso,--arrays-uf-never,--reachability-slice,--round-to-nearest,--yices
0,3,0,6,1000,9,-93.0,66.6666666667,1,1,0,0,0,0,0,1,0,0,1,5000,100,100,100,fifo,pso,--arrays-uf-always,--reachability-slice,--round-to-nearest,--yices
0,67,0,10,1000,77,-93.0,12.987012987,1,0,0,1,1,0,1,1,0,0,1,1000,100,2000,10,lifo,pso,--arrays-uf-always,--reachability-slice,--round-to-zero,--mathsat
0,125,0,14,1000,139,-99.0,10.071942446,1,0,0,1,1,1,0,1,1,1,0,5000,20,0,10,fifo,sc,--arrays-uf-never,--reachability-slice,--round-to-plus-inf,--yices
0,85,0,12,1000,97,-107.0,12.3711340206,0,0,1,0,0,0,0,1,0,0,1,1000,100,5000,0,fifo,tso,--arrays-uf-never,--reachability-slice,--round-to-nearest,--mathsat
0,107,0,14,1000,121,-117.0,11.5702479339,1,0,1,0,1,0,1,1,0,0,1,2000,100,1000,10,fifo,sc,--arrays-uf-never,--reachability-slice,--round-to-nearest,--cvc4
30,340,1,33,1000,404,-160.0,8.41584158416,0,0,0,0,0,0,0,0,0,1,0,0,1,0,20,0,pso,0,0,--round-to-zero,--mathsat
91,0,11,0,1000,102,-170.0,10.7843137255,0,1,0,1,1,1,1,0,0,0,1,2000,10,2000,20,fifo,sc,--arrays-uf-always,--reachability-slice-fb,--round-to-minus-inf,--boolector
0,171,0,22,1000,193,-181.0,11.3989637306,0,0,0,0,0,0,0,1,0,1,1,5000,20,0,100,fifo,tso,--arrays-uf-always,--reachability-slice,--round-to-minus-inf,--boolector
0,168,0,22,1000,190,-184.0,11.5789473684,1,0,0,1,0,0,0,1,0,0,0,2000,1,0,20,lifo,sc,--arrays-uf-never,--reachability-slice,--round-to-minus-inf,--z3
0,81,0,17,1000,98,-191.0,17.3469387755,1,1,0,1,0,0,0,1,0,0,1,100,1,5000,100,lifo,tso,0,0,--round-to-nearest,--mathsat
91,0,12,0,1000,103,-202.0,11.6504854369,1,1,0,1,1,1,1,0,0,0,0,5000,100,2000,0,lifo,sc,0,--reachability-slice-fb,--round-to-minus-inf,--yices
0,93,0,19,1000,112,-211.0,16.9642857143,1,1,0,0,1,1,0,1,0,0,1,1000,1,5000,10,0,pso,0,0,--round-to-plus-inf,--z3
0,122,0,21,1000,143,-214.0,14.6853146853,1,0,0,0,0,0,0,1,1,1,1,1000,20,2000,20,lifo,tso,--arrays-uf-never,0,--round-to-zero,0
0,84,0,19,1000,103,-220.0,18.4466019417,1,1,0,1,0,1,0,1,1,0,0,0,5,5000,20,fifo,sc,--arrays-uf-never,0,--round-to-plus-inf,--cvc4
96,0,13,0,1000,109,-224.0,11.9266055046,1,1,1,1,1,1,1,0,0,0,0,2000,10,1000,100,fifo,sc,--arrays-uf-always,0,--round-to-plus-inf,--boolector
0,222,0,28,1000,250,-226.0,11.2,1,0,0,1,1,0,0,1,1,0,0,2000,1,2000,0,0,tso,0,0,--round-to-minus-inf,--cprover-smt2
0,93,0,20,1000,113,-227.0,17.6991150442,0,1,0,1,1,0,0,1,0,0,1,1000,5,5000,5,0,tso,0,0,--round-to-plus-inf,--cvc4
0,89,0,20,1000,109,-231.0,18.3486238532,0,1,1,0,0,0,0,1,1,0,1,100,20,0,100,lifo,tso,--arrays-uf-never,0,--round-to-nearest,--z3
0,125,0,23,1000,148,-243.0,15.5405405405,0,0,0,0,0,0,0,1,1,0,1,5000,100,5000,10,lifo,pso,--arrays-uf-never,0,--round-to-plus-inf,--yices
97,0,14,0,1000,111,-254.0,12.6126126126,1,1,1,1,0,0,1,0,0,0,0,1000,10,0,10,lifo,sc,--arrays-uf-always,--reachability-slice-fb,--round-to-nearest,--cprover-smt2
0,79,0,21,1000,100,-257.0,21.0,0,0,1,0,1,0,0,1,1,0,1,100,100,2000,20,fifo,tso,0,--reachability-slice,--round-to-nearest,0
0,88,0,22,1000,110,-264.0,20.0,0,1,0,0,1,0,0,1,1,0,0,1000,1,2000,10,lifo,sc,--arrays-uf-always,0,--round-to-plus-inf,--cvc4
38,58,13,0,1000,109,-282.0,11.9266055046,0,0,0,1,0,1,0,0,0,0,1,5000,100,100,10,0,sc,--arrays-uf-never,0,--round-to-plus-inf,--cvc4
0,83,0,23,1000,106,-285.0,21.6981132075,0,1,0,1,0,0,0,1,1,0,1,100,20,5000,20,0,tso,--arrays-uf-always,--reachability-slice-fb,--round-to-nearest,--cprover-smt2
0,78,0,23,1000,101,-290.0,22.7722772277,0,0,1,0,0,1,0,1,1,1,0,100,100,2000,20,fifo,tso,--arrays-uf-never,--reachability-slice-fb,--round-to-zero,--cprover-smt2
0,76,0,23,1000,99,-292.0,23.2323232323,0,0,1,1,0,1,0,1,1,0,1,100,20,0,10,fifo,sc,--arrays-uf-never,--reachability-slice-fb,--round-to-minus-inf,0
0,197,0,32,1000,229,-315.0,13.9737991266,0,0,1,0,1,1,0,1,0,0,0,5000,20,5000,5,fifo,sc,0,--reachability-slice-fb,--round-to-zero,--z3
96,72,16,5,1000,189,-328.0,11.1111111111,0,0,0,1,1,1,1,0,0,0,1,2000,20,5000,0,0,tso,--arrays-uf-always,--reachability-slice,--round-to-zero,--cvc4
0,82,0,26,1000,108,-334.0,24.0740740741,1,0,1,0,0,1,0,1,1,1,0,100,5,5000,10,fifo,pso,--arrays-uf-never,--reachability-slice,--round-to-plus-inf,--mathsat
0,132,0,30,1000,162,-348.0,18.5185185185,0,0,0,0,0,0,0,1,1,0,1,0,1,1000,10,lifo,tso,--arrays-uf-never,--reachability-slice-fb,--round-to-zero,--z3
0,145,0,31,1000,176,-351.0,17.6136363636,0,0,1,1,1,1,0,1,1,0,1,5000,10,2000,10,lifo,tso,--arrays-uf-always,--reachability-slice-fb,--round-to-plus-inf,--cprover-smt2
0,84,0,28,1000,112,-364.0,25.0,1,1,0,1,1,0,0,1,1,0,1,100,10,0,100,fifo,tso,--arrays-uf-always,--reachability-slice-fb,--round-to-nearest,--mathsat
0,122,0,33,1000,155,-406.0,21.2903225806,0,0,0,0,0,1,1,1,1,1,0,0,100,1000,5,lifo,pso,--arrays-uf-never,--reachability-slice,--round-to-plus-inf,--yices
0,136,0,34,1000,170,-408.0,20.0,0,0,0,0,0,1,1,1,1,1,1,0,100,0,100,lifo,sc,0,--reachability-slice-fb,--round-to-zero,--cprover-smt2
118,111,17,14,1000,260,-421.0,11.9230769231,1,0,0,0,1,1,0,0,1,0,0,0,1,2000,0,fifo,tso,--arrays-uf-always,--reachability-slice,--round-to-zero,--mathsat
0,116,0,34,1000,150,-428.0,22.6666666667,0,1,1,0,1,0,0,1,0,0,0,1000,5,1000,5,fifo,sc,--arrays-uf-never,--reachability-slice-fb,--round-to-plus-inf,--mathsat
0,94,0,33,1000,127,-434.0,25.9842519685,0,1,0,0,0,1,0,1,1,1,1,100,20,100,0,0,pso,0,--reachability-slice-fb,--round-to-nearest,--cvc4
0,101,0,34,1000,135,-443.0,25.1851851852,1,1,1,1,1,0,0,1,1,1,0,2000,100,100,0,lifo,sc,--arrays-uf-never,0,--round-to-minus-inf,0
0,207,0,41,1000,248,-449.0,16.5322580645,1,0,1,1,0,0,0,1,0,0,1,5000,5,5000,100,lifo,tso,--arrays-uf-never,--reachability-slice-fb,--round-to-minus-inf,--z3
0,155,0,39,1000,194,-469.0,20.1030927835,1,0,1,0,1,0,0,1,1,0,0,2000,10,1000,10,fifo,sc,--arrays-uf-always,0,--round-to-zero,--z3
0,153,0,40,1000,193,-487.0,20.725388601,1,0,1,0,0,1,0,1,1,0,0,0,100,5000,5,lifo,pso,0,--reachability-slice-fb,--round-to-nearest,--cvc4
31,218,6,36,1000,291,-488.0,14.4329896907,1,0,0,0,1,0,1,0,1,1,1,5000,100,1000,100,0,tso,--arrays-uf-never,0,--round-to-zero,--cprover-smt2
0,117,0,38,1000,155,-491.0,24.5161290323,0,1,1,1,1,0,0,1,0,0,1,5000,100,1000,10,0,tso,--arrays-uf-never,--reachability-slice,--round-to-nearest,--z3
0,224,0,46,1000,270,-512.0,17.037037037,1,0,0,1,0,0,1,1,1,0,1,2000,20,5000,20,0,sc,0,--reachability-slice,--round-to-nearest,--yices
0,349,0,54,1000,403,-515.0,13.3995037221,1,1,0,0,0,1,1,1,1,0,0,100,20,1000,10,fifo,tso,0,0,--round-to-plus-inf,--cprover-smt2
0,234,0,47,1000,281,-518.0,16.7259786477,1,0,0,1,1,1,1,1,1,0,1,0,20,1000,20,0,tso,--arrays-uf-never,--reachability-slice,--round-to-plus-inf,--z3
0,349,0,55,1000,404,-531.0,13.6138613861,1,1,0,0,0,0,1,1,1,0,0,100,10,1000,0,fifo,sc,--arrays-uf-always,0,--round-to-plus-inf,0
0,156,0,43,1000,199,-532.0,21.608040201,1,0,1,0,0,1,0,1,1,0,1,2000,10,2000,0,fifo,tso,0,--reachability-slice-fb,--round-to-nearest,--cprover-smt2
0,112,0,41,1000,153,-544.0,26.7973856209,1,1,1,0,0,1,0,1,0,0,0,5000,10,0,0,fifo,pso,--arrays-uf-never,0,--round-to-minus-inf,0
0,121,0,42,1000,163,-551.0,25.7668711656,0,0,0,1,0,1,1,1,1,1,1,1000,10,0,5,lifo,pso,--arrays-uf-never,--reachability-slice,--round-to-plus-inf,--boolector
0,157,0,45,1000,202,-563.0,22.2772277228,1,0,1,1,0,1,0,1,1,1,1,0,5,5000,20,lifo,pso,--arrays-uf-never,--reachability-slice-fb,--round-to-nearest,0
0,202,0,48,1000,250,-566.0,19.2,0,0,1,1,1,0,0,1,0,1,0,5000,20,5000,10,lifo,tso,--arrays-uf-never,0,--round-to-minus-inf,--cprover-smt2
0,361,0,58,1000,419,-567.0,13.8424821002,1,0,1,0,1,0,0,1,0,1,0,5000,20,2000,0,0,pso,--arrays-uf-always,0,--round-to-plus-inf,--cvc4
0,127,0,44,1000,171,-577.0,25.730994152,0,0,0,0,1,1,1,1,1,1,0,5000,20,2000,5,lifo,tso,0,--reachability-slice,--round-to-plus-inf,--boolector
0,102,0,43,1000,145,-586.0,29.6551724138,1,1,1,1,0,0,0,1,1,0,0,100,1,2000,5,fifo,tso,--arrays-uf-always,--reachability-slice,--round-to-minus-inf,--yices
0,101,0,43,1000,144,-587.0,29.8611111111,1,1,0,1,0,1,0,1,1,0,1,100,1,100,0,lifo,pso,--arrays-uf-always,--reachability-slice-fb,--round-to-plus-inf,--z3
0,117,0,44,1000,161,-587.0,27.3291925466,1,1,1,0,1,0,0,1,1,0,0,0,100,100,20,fifo,tso,0,--reachability-slice,--round-to-plus-inf,--boolector
0,196,0,49,1000,245,-588.0,20.0,1,0,1,0,1,0,1,1,0,0,0,100,1,0,0,fifo,tso,0,--reachability-slice-fb,--round-to-minus-inf,--cvc4
0,110,0,45,1000,155,-610.0,29.0322580645,1,1,0,0,1,0,0,1,1,0,1,1000,20,5000,5,0,sc,0,--reachability-slice-fb,--round-to-plus-inf,--yices
0,174,0,49,1000,223,-610.0,21.9730941704,0,0,0,0,1,0,0,1,0,0,1,5000,1,5000,100,fifo,pso,--arrays-uf-never,--reachability-slice,--round-to-plus-inf,--z3
0,174,0,49,1000,223,-610.0,21.9730941704,1,0,1,1,0,0,0,1,1,1,1,5000,1,1000,5,fifo,sc,0,--reachability-slice,--round-to-zero,--cprover-smt2
0,109,0,45,1000,154,-611.0,29.2207792208,1,1,1,1,1,0,0,1,0,1,0,100,1,0,5,0,pso,--arrays-uf-always,--reachability-slice,--round-to-zero,--mathsat
0,199,0,51,1000,250,-617.0,20.4,1,0,1,1,1,0,1,1,1,1,0,0,100,1000,0,fifo,pso,--arrays-uf-never,--reachability-slice,--round-to-zero,0
0,198,0,51,1000,249,-618.0,20.4819277108,0,0,1,0,0,1,1,1,1,0,0,2000,10,5000,0,lifo,sc,--arrays-uf-never,0,--round-to-zero,--yices
104,212,15,35,1000,366,-620.0,13.6612021858,0,0,0,1,0,0,1,0,1,0,0,0,100,5000,20,0,sc,--arrays-uf-never,--reachability-slice-fb,--round-to-minus-inf,--yices
0,116,0,46,1000,162,-620.0,28.3950617284,1,1,1,1,1,1,0,1,0,1,0,0,5,100,10,fifo,sc,0,0,--round-to-zero,--yices
187,338,41,2,1000,568,-632.0,7.57042253521,0,0,0,1,1,0,0,0,0,0,1,1000,20,100,100,0,tso,0,--reachability-slice,--round-to-zero,--z3
20,128,6,38,1000,192,-632.0,22.9166666667,1,0,0,0,0,1,1,0,1,1,1,5000,1,1000,5,lifo,sc,--arrays-uf-never,0,--round-to-plus-inf,0
0,226,0,54,1000,280,-638.0,19.2857142857,1,0,1,0,1,1,0,1,1,1,1,5000,10,1000,100,0,tso,--arrays-uf-never,--reachability-slice-fb,--round-to-zero,0
0,209,0,53,1000,262,-639.0,20.2290076336,1,0,1,1,1,1,1,1,1,0,0,1000,100,5000,10,fifo,pso,--arrays-uf-always,0,--round-to-zero,--yices
0,112,0,47,1000,159,-640.0,29.5597484277,1,1,0,1,1,1,0,1,1,1,0,5000,100,0,20,fifo,pso,0,--reachability-slice-fb,--round-to-zero,--cvc4
0,124,0,48,1000,172,-644.0,27.9069767442,0,1,1,0,0,0,0,1,1,0,1,2000,100,0,10,fifo,pso,--arrays-uf-always,--reachability-slice-fb,--round-to-nearest,--cprover-smt2
0,203,0,53,1000,256,-645.0,20.703125,1,0,1,0,0,1,0,1,0,1,0,1000,10,5000,10,lifo,pso,0,0,--round-to-plus-inf,0
0,202,0,53,1000,255,-646.0,20.7843137255,1,0,1,1,1,0,1,1,1,1,1,0,20,100,10,fifo,pso,--arrays-uf-always,--reachability-slice,--round-to-minus-inf,--cvc4
0,361,0,63,1000,424,-647.0,14.858490566,1,1,0,1,0,1,1,1,0,1,1,0,20,100,5,fifo,pso,--arrays-uf-always,0,--round-to-minus-inf,--z3
0,167,0,51,1000,218,-649.0,23.3944954128,1,0,1,1,1,0,1,1,1,1,1,2000,20,5000,5,lifo,tso,--arrays-uf-always,--reachability-slice,--round-to-nearest,--mathsat
0,358,0,63,1000,421,-650.0,14.9643705463,0,1,0,0,0,0,1,1,1,0,0,1000,10,0,0,fifo,tso,0,0,--round-to-minus-inf,--cprover-smt2
0,109,0,48,1000,157,-659.0,30.5732484076,0,1,0,0,1,0,0,1,1,1,1,2000,1,1000,10,fifo,tso,--arrays-uf-never,--reachability-slice-fb,--round-to-zero,0
0,108,0,48,1000,156,-660.0,30.7692307692,0,1,0,1,0,0,0,1,1,1,1,1000,5,1000,10,lifo,tso,0,--reachability-slice,--round-to-zero,--yices
0,104,0,48,1000,152,-664.0,31.5789473684,0,1,0,1,0,0,0,1,0,1,0,1000,20,5000,100,lifo,sc,--arrays-uf-always,--reachability-slice,--round-to-zero,--cprover-smt2
0,179,0,53,1000,232,-669.0,22.8448275862,0,0,0,1,1,1,1,1,1,1,1,100,100,2000,5,fifo,pso,--arrays-uf-always,--reachability-slice,--round-to-zero,--z3
77,153,10,42,1000,282,-685.0,18.4397163121,1,0,0,0,1,1,1,0,1,1,1,1000,5,100,100,fifo,pso,0,--reachability-slice-fb,--round-to-minus-inf,0
0,112,0,50,1000,162,-688.0,30.8641975309,0,1,0,0,1,1,0,1,1,1,1,1000,100,0,5,lifo,pso,0,--reachability-slice,--round-to-plus-inf,0
87,226,8,52,1000,373,-688.0,16.0857908847,0,0,1,0,0,0,1,0,1,1,1,0,10,1000,10,0,pso,--arrays-uf-always,--reachability-slice-fb,--round-to-minus-inf,--yices
93,146,13,38,1000,290,-692.0,17.5862068966,0,0,0,1,1,1,1,0,1,0,1,0,20,5000,10,fifo,pso,0,--reachability-slice-fb,--round-to-plus-inf,--mathsat
0,361,0,66,1000,427,-695.0,15.4566744731,1,0,1,1,0,0,0,1,0,1,0,0,10,2000,5,0,sc,--arrays-uf-never,--reachability-slice,--round-to-zero,--cvc4
0,373,0,67,1000,440,-699.0,15.2272727273,0,0,1,0,1,0,0,1,0,1,1,1000,10,2000,100,0,sc,0,0,--round-to-nearest,--yices
127,212,26,21,1000,386,-702.0,12.1761658031,1,0,0,0,1,1,0,0,1,0,0,2000,1,1000,20,0,pso,--arrays-uf-always,--reachability-slice-fb,--round-to-zero,--cprover-smt2
0,113,0,51,1000,164,-703.0,31.0975609756,1,1,0,0,0,0,0,1,0,1,1,2000,1,1000,20,lifo,sc,--arrays-uf-never,--reachability-slice,--round-to-plus-inf,--yices
98,346,13,52,1000,509,-706.0,12.7701375246,0,1,0,1,1,0,1,0,1,0,0,0,1,0,10,fifo,sc,0,0,--round-to-nearest,--cvc4
0,120,0,52,1000,172,-712.0,30.2325581395,1,1,1,0,1,0,0,1,1,0,0,5000,5,100,20,fifo,sc,--arrays-uf-always,--reachability-slice,--round-to-nearest,--z3
0,152,0,54,1000,206,-712.0,26.213592233,0,0,1,1,1,1,0,1,1,0,1,2000,1,2000,0,lifo,tso,--arrays-uf-always,--reachability-slice,--round-to-minus-inf,0
94,228,13,45,1000,380,-720.0,15.2631578947,1,0,1,0,1,1,1,0,1,0,0,5000,20,100,10,0,pso,0,--reachability-slice,--round-to-nearest,0
0,110,0,52,1000,162,-722.0,32.0987654321,1,1,0,1,1,0,0,1,0,1,1,5000,10,5000,5,fifo,tso,0,--reachability-slice,--round-to-minus-inf,--mathsat
0,131,0,54,1000,185,-733.0,29.1891891892,1,1,1,0,0,1,0,1,1,1,0,2000,1,1000,10,0,tso,--arrays-uf-never,0,--round-to-plus-inf,--mathsat
103,121,20,27,1000,271,-745.0,17.3431734317,1,0,0,1,1,0,0,0,1,0,1,0,10,2000,100,fifo,pso,--arrays-uf-never,--reachability-slice-fb,--round-to-plus-inf,--mathsat
0,182,0,58,1000,240,-746.0,24.1666666667,0,0,0,0,1,0,1,1,0,1,0,100,20,2000,100,fifo,tso,0,0,--round-to-zero,--cvc4
0,160,0,58,1000,218,-768.0,26.6055045872,0,0,0,0,0,1,1,1,1,0,0,1000,1,2000,100,fifo,pso,0,--reachability-slice-fb,--round-to-minus-inf,--cvc4
0,112,0,55,1000,167,-768.0,32.9341317365,1,1,1,0,1,0,0,1,0,1,0,2000,20,2000,20,lifo,pso,0,--reachability-slice,--round-to-zero,--boolector
0,124,0,56,1000,180,-772.0,31.1111111111,0,1,1,1,0,0,0,1,0,1,1,0,1,5000,0,lifo,sc,0,0,--round-to-nearest,--yices
0,219,0,62,1000,281,-773.0,22.0640569395,1,0,1,0,0,0,0,1,0,1,1,0,5,0,0,lifo,pso,--arrays-uf-always,--reachability-slice-fb,--round-to-minus-inf,--z3
0,243,0,64,1000,307,-781.0,20.8469055375,1,0,1,1,0,1,0,1,1,1,0,1000,5,0,0,0,sc,--arrays-uf-never,--reachability-slice-fb,--round-to-nearest,--yices
0,114,0,56,1000,170,-782.0,32.9411764706,1,1,0,0,0,1,0,1,0,1,0,1000,10,1000,5,fifo,pso,--arrays-uf-never,--reachability-slice-fb,--round-to-nearest,--cprover-smt2
17,174,5,52,1000,248,-784.0,22.9838709677,0,0,0,0,1,0,1,0,0,1,1,1000,5,5000,0,lifo,sc,--arrays-uf-always,0,--round-to-zero,--cprover-smt2
94,211,28,18,1000,351,-785.0,13.1054131054,0,0,0,0,1,1,0,0,1,0,0,1000,10,100,20,0,pso,0,0,--round-to-zero,--yices
0,221,0,63,1000,284,-787.0,22.1830985915,0,0,1,0,1,1,0,1,0,1,1,1000,1,2000,0,fifo,tso,--arrays-uf-always,--reachability-slice-fb,--round-to-zero,--yices
0,125,0,57,1000,182,-787.0,31.3186813187,1,1,1,1,1,0,0,1,0,1,1,1000,10,5000,0,0,tso,--arrays-uf-always,--reachability-slice,--round-to-plus-inf,--cvc4
0,116,0,57,1000,173,-796.0,32.9479768786,1,1,0,0,0,1,0,1,1,1,0,0,20,1000,5,fifo,sc,--arrays-uf-always,--reachability-slice,--round-to-plus-inf,--cvc4
90,366,12,60,1000,528,-798.0,13.6363636364,0,1,0,0,1,1,1,0,0,0,0,2000,100,100,100,fifo,pso,0,--reachability-slice-fb,--round-to-zero,--z3
96,146,17,38,1000,297,-814.0,18.5185185185,1,0,0,1,0,1,1,0,1,0,1,2000,100,0,5,fifo,pso,0,--reachability-slice-fb,--round-to-nearest,--cprover-smt2
0,133,0,61,1000,194,-843.0,31.4432989691,1,1,1,0,1,1,0,1,0,1,1,2000,1,2000,5,fifo,pso,0,--reachability-slice-fb,--round-to-nearest,--boolector
90,168,13,49,1000,320,-852.0,19.375,0,0,0,1,1,1,1,0,0,1,1,5000,5,100,5,lifo,sc,--arrays-uf-never,--reachability-slice-fb,--round-to-plus-inf,--mathsat
0,130,0,62,1000,192,-862.0,32.2916666667,0,1,1,1,0,1,0,1,1,1,1,5000,1,100,20,lifo,tso,--arrays-uf-never,--reachability-slice-fb,--round-to-plus-inf,--cvc4
84,163,12,51,1000,310,-869.0,20.3225806452,1,0,0,0,1,1,1,0,0,0,1,2000,20,5000,10,lifo,pso,--arrays-uf-always,--reachability-slice,--round-to-plus-inf,0
0,130,0,63,1000,193,-878.0,32.6424870466,0,1,1,0,0,0,0,1,0,0,0,1000,1,100,20,lifo,pso,--arrays-uf-always,--reachability-slice-fb,--round-to-zero,0
168,152,39,8,1000,367,-888.0,12.8065395095,0,0,0,1,0,1,0,0,0,1,1,2000,20,1000,0,lifo,tso,0,--reachability-slice-fb,--round-to-nearest,0
108,367,18,56,1000,549,-889.0,13.4790528233,1,0,1,1,0,1,0,0,0,1,1,0,5,0,0,0,pso,0,--reachability-slice,--round-to-plus-inf,--mathsat
0,316,0,76,1000,392,-900.0,19.387755102,1,0,1,1,1,1,1,1,0,1,1,1000,5,1000,0,fifo,tso,--arrays-uf-never,--reachability-slice,--round-to-plus-inf,0
0,139,0,65,1000,204,-901.0,31.862745098,1,0,0,1,1,1,1,1,1,1,0,0,1,1000,10,lifo,pso,0,0,--round-to-minus-inf,--boolector
0,180,0,69,1000,249,-924.0,27.7108433735,1,0,0,0,1,0,1,1,0,1,1,1000,5,0,20,lifo,tso,0,--reachability-slice,--round-to-zero,--cvc4
22,364,1,82,1000,469,-936.0,17.697228145,1,0,1,0,0,0,1,0,0,1,0,0,20,0,5,0,sc,--arrays-uf-always,0,--round-to-nearest,--boolector
0,140,0,69,1000,209,-964.0,33.014354067,1,1,1,1,1,1,0,1,0,1,0,2000,1,2000,20,0,pso,--arrays-uf-always,--reachability-slice,--round-to-nearest,--cvc4
97,374,13,71,1000,555,-984.0,15.1351351351,1,1,0,1,0,1,1,0,0,1,1,2000,10,5000,100,fifo,sc,--arrays-uf-never,--reachability-slice-fb,--round-to-nearest,--cvc4
0,134,0,70,1000,204,-986.0,34.3137254902,0,1,1,1,0,1,0,1,1,1,0,5000,10,100,20,0,tso,--arrays-uf-never,--reachability-slice,--round-to-zero,--cprover-smt2
87,233,23,42,1000,385,-1001.0,16.8831168831,0,0,1,0,0,1,0,0,1,0,1,1000,20,1000,100,0,pso,--arrays-uf-never,0,--round-to-nearest,--z3
97,343,11,76,1000,527,-1031.0,16.5085388994,1,1,0,1,0,1,1,0,0,1,0,0,1,100,5,lifo,tso,--arrays-uf-always,--reachability-slice-fb,--round-to-nearest,0
0,364,0,89,1000,453,-1060.0,19.646799117,0,0,1,1,1,0,1,1,0,0,1,1000,20,2000,0,0,sc,0,0,--round-to-minus-inf,0
0,347,0,89,1000,436,-1077.0,20.4128440367,1,1,0,1,0,0,1,1,1,1,1,2000,20,100,20,lifo,sc,--arrays-uf-always,--reachability-slice-fb,--round-to-zero,--mathsat
19,226,5,75,1000,325,-1096.0,24.6153846154,1,0,0,1,1,0,1,0,1,0,0,5000,5,2000,10,0,pso,--arrays-uf-always,0,--round-to-zero,--boolector
130,113,33,27,1000,303,-1115.0,19.801980198,0,0,0,0,0,1,0,0,1,0,0,2000,10,5000,0,lifo,pso,--arrays-uf-never,--reachability-slice,--round-to-minus-inf,--z3
0,357,0,92,1000,449,-1115.0,20.4899777283,0,1,0,0,1,0,1,1,1,1,0,5000,5,100,100,lifo,pso,--arrays-uf-always,--reachability-slice,--round-to-plus-inf,--cvc4
0,362,0,93,1000,455,-1126.0,20.4395604396,0,1,0,0,0,0,1,1,0,0,1,1000,1,0,100,lifo,sc,0,--reachability-slice,--round-to-zero,0
0,358,0,93,1000,451,-1130.0,20.6208425721,1,1,0,0,0,0,1,1,1,0,1,5000,5,2000,20,lifo,tso,--arrays-uf-always,--reachability-slice-fb,--round-to-minus-inf,--yices
0,355,0,93,1000,448,-1133.0,20.7589285714,0,1,0,0,0,0,1,1,0,1,0,1000,10,1000,20,lifo,tso,0,--reachability-slice,--round-to-plus-inf,--cprover-smt2
141,362,30,52,1000,585,-1148.0,14.0170940171,0,0,1,0,1,1,0,0,0,1,1,2000,20,2000,10,0,sc,0,--reachability-slice-fb,--round-to-minus-inf,--z3
93,342,14,77,1000,526,-1152.0,17.3003802281,1,1,0,1,0,1,1,0,1,1,1,2000,20,1000,100,lifo,tso,--arrays-uf-always,--reachability-slice-fb,--round-to-minus-inf,--cvc4
0,392,0,97,1000,489,-1160.0,19.836400818,0,1,0,0,0,1,1,1,1,1,0,1000,5,2000,5,fifo,tso,--arrays-uf-never,--reachability-slice,--round-to-minus-inf,0
0,191,0,85,1000,276,-1169.0,30.7971014493,1,0,1,0,0,1,1,1,0,0,1,100,5,0,5,lifo,pso,--arrays-uf-always,--reachability-slice,--round-to-minus-inf,--cvc4
0,306,0,93,1000,399,-1182.0,23.3082706767,1,0,1,0,0,0,1,1,0,1,0,2000,1,1000,100,lifo,pso,--arrays-uf-never,--reachability-slice-fb,--round-to-nearest,--boolector
0,306,0,94,1000,400,-1198.0,23.5,1,0,1,0,1,0,1,1,0,1,0,2000,1,100,10,lifo,pso,0,--reachability-slice-fb,--round-to-zero,--yices
0,395,0,103,1000,498,-1253.0,20.6827309237,0,1,0,0,1,1,1,1,0,1,1,5000,1,2000,10,fifo,tso,--arrays-uf-never,--reachability-slice-fb,--round-to-nearest,--yices
107,332,24,68,1000,531,-1310.0,17.3258003766,1,1,0,1,1,0,1,0,0,0,0,5000,10,2000,100,lifo,sc,0,--reachability-slice-fb,--round-to-zero,--z3
92,238,12,85,1000,427,-1322.0,22.7166276347,1,0,1,1,0,0,1,0,1,0,0,5000,5,1000,0,0,pso,--arrays-uf-never,--reachability-slice-fb,--round-to-nearest,--cvc4
0,195,0,97,1000,292,-1357.0,33.2191780822,1,0,0,0,1,1,1,1,1,0,0,100,5,2000,10,lifo,sc,--arrays-uf-always,--reachability-slice-fb,--round-to-zero,0
99,376,24,74,1000,573,-1378.0,17.1029668412,1,1,0,0,0,0,1,0,1,0,1,0,20,0,10,fifo,pso,0,--reachability-slice,--round-to-minus-inf,0
110,344,25,76,1000,555,-1452.0,18.1981981982,1,1,0,1,0,0,1,0,0,1,1,5000,100,0,20,lifo,pso,--arrays-uf-never,--reachability-slice-fb,--round-to-nearest,--boolector
0,199,0,106,1000,305,-1497.0,34.7540983607,0,0,0,1,0,0,1,1,1,1,1,100,1,0,20,lifo,tso,--arrays-uf-never,--reachability-slice,--round-to-plus-inf,--boolector
100,352,25,79,1000,556,-1512.0,18.7050359712,0,1,0,0,1,0,1,0,1,1,1,5000,1,2000,0,lifo,sc,--arrays-uf-always,--reachability-slice,--round-to-minus-inf,--mathsat
0,203,0,116,1000,319,-1653.0,36.3636363636,1,0,1,0,1,1,1,1,1,1,1,100,1,1000,5,lifo,sc,--arrays-uf-always,--reachability-slice-fb,--round-to-minus-inf,--z3
0,342,0,135,1000,477,-1818.0,28.3018867925,0,1,0,1,1,0,1,1,1,0,1,100,10,1000,5,lifo,tso,--arrays-uf-never,--reachability-slice,--round-to-plus-inf,--cvc4
0,340,0,135,1000,475,-1820.0,28.4210526316,0,1,0,1,1,0,1,1,1,0,0,100,10,5000,20,lifo,pso,0,--reachability-slice,--round-to-zero,--z3
0,388,0,162,1000,550,-2204.0,29.4545454545,0,1,0,0,1,0,1,1,1,1,1,1000,20,2000,5,0,pso,--arrays-uf-never,0,--round-to-nearest,--cprover-smt2
0,391,0,166,1000,557,-2265.0,29.802513465,1,1,1,1,0,0,1,1,1,1,1,1000,5,100,20,lifo,pso,--arrays-uf-never,0,--round-to-nearest,--boolector
97,375,15,149,1000,636,-2295.0,25.786163522,1,1,0,1,0,1,1,0,1,0,1,5000,5,0,20,0,sc,--arrays-uf-always,0,--round-to-minus-inf,--cprover-smt2
97,378,14,154,1000,643,-2340.0,26.1275272162,1,1,1,1,0,0,1,0,0,1,0,0,10,5000,100,lifo,pso,--arrays-uf-never,0,--round-to-minus-inf,0
0,398,0,173,1000,571,-2370.0,30.2977232925,1,1,1,0,1,0,1,1,0,1,0,2000,1,1000,5,lifo,pso,0,0,--round-to-nearest,--cvc4
20,208,60,45,1000,333,-2392.0,31.5315315315,1,0,1,1,0,0,1,0,1,1,0,1000,1,2000,20,fifo,pso,--arrays-uf-always,0,--round-to-plus-inf,--z3
19,195,61,43,1000,318,-2407.0,32.7044025157,1,0,1,1,1,1,1,0,1,1,1,2000,5,100,0,lifo,pso,--arrays-uf-always,0,--round-to-nearest,--cprover-smt2
23,198,64,38,1000,323,-2412.0,31.5789473684,0,0,1,0,0,0,1,0,1,0,1,2000,20,0,20,lifo,tso,0,0,--round-to-nearest,--yices
0,402,0,177,1000,579,-2430.0,30.5699481865,1,1,1,0,1,0,1,1,1,1,1,1000,1,1000,5,0,tso,--arrays-uf-always,--reachability-slice,--round-to-plus-inf,--boolector
0,400,0,177,1000,577,-2432.0,30.6759098787,1,1,1,1,1,1,1,1,1,1,1,2000,1,5000,20,0,tso,0,0,--round-to-nearest,--yices
97,380,17,154,1000,648,-2434.0,26.3888888889,1,1,1,0,1,1,1,0,1,0,0,2000,100,2000,100,lifo,sc,--arrays-uf-always,0,--round-to-plus-inf,--cprover-smt2
92,390,11,166,1000,659,-2434.0,26.8588770865,0,1,1,1,0,1,1,0,1,1,0,2000,1,100,5,lifo,pso,--arrays-uf-always,--reachability-slice-fb,--round-to-zero,--cvc4
17,195,61,47,1000,320,-2475.0,33.75,0,0,1,1,0,1,1,0,1,0,0,0,5,1000,100,fifo,tso,--arrays-uf-never,0,--round-to-minus-inf,--cprover-smt2
90,183,70,38,1000,381,-2485.0,28.3464566929,1,0,1,1,0,1,1,0,1,1,1,5000,10,0,10,lifo,tso,0,--reachability-slice,--round-to-zero,--mathsat
0,397,0,185,1000,582,-2563.0,31.7869415808,1,1,1,1,1,0,1,1,0,1,1,100,10,5000,5,0,sc,0,0,--round-to-minus-inf,--mathsat
0,392,0,185,1000,577,-2568.0,32.0623916811,1,1,1,1,1,0,1,1,0,1,0,1000,10,0,5,lifo,sc,--arrays-uf-never,--reachability-slice,--round-to-zero,--z3
27,176,67,41,1000,311,-2570.0,34.7266881029,0,0,1,1,1,1,1,0,1,0,0,2000,100,0,0,lifo,tso,0,0,--round-to-plus-inf,--boolector
109,393,23,153,1000,678,-2573.0,25.9587020649,0,1,0,0,0,0,1,0,1,0,1,0,5,2000,0,0,pso,--arrays-uf-never,--reachability-slice-fb,--round-to-nearest,--boolector
102,388,18,162,1000,670,-2576.0,26.8656716418,1,1,1,1,0,1,1,0,1,1,1,1000,20,0,10,0,tso,--arrays-uf-never,--reachability-slice-fb,--round-to-minus-inf,--mathsat
92,182,70,44,1000,388,-2578.0,29.381443299,0,0,1,1,0,1,1,0,1,1,1,2000,20,0,0,lifo,pso,0,--reachability-slice-fb,--round-to-zero,--mathsat
90,372,21,156,1000,639,-2616.0,27.6995305164,0,1,1,0,0,0,1,0,1,0,0,5000,10,100,0,lifo,sc,--arrays-uf-always,--reachability-slice,--round-to-minus-inf,--cvc4
0,397,0,189,1000,586,-2627.0,32.252559727,0,1,1,0,0,0,1,1,0,1,1,100,100,0,10,fifo,pso,0,--reachability-slice,--round-to-minus-inf,--z3
0,408,0,190,1000,598,-2632.0,31.7725752508,0,1,1,1,0,1,1,1,1,0,1,1000,10,2000,100,0,pso,--arrays-uf-always,--reachability-slice,--round-to-nearest,0
0,247,0,186,1000,433,-2729.0,42.9561200924,1,0,1,0,0,1,1,1,1,1,1,100,5,5000,5,0,pso,--arrays-uf-never,--reachability-slice-fb,--round-to-minus-inf,--cprover-smt2
0,394,0,198,1000,592,-2774.0,33.4459459459,0,1,0,1,1,0,1,1,1,0,0,0,100,1000,5,0,sc,0,0,--round-to-nearest,--mathsat
0,250,0,190,1000,440,-2790.0,43.1818181818,0,0,1,0,1,1,1,1,0,1,1,100,5,1000,20,0,sc,--arrays-uf-never,0,--round-to-zero,--boolector
0,409,0,205,1000,614,-2871.0,33.3876221498,1,1,1,1,0,1,1,1,0,0,0,2000,10,100,10,fifo,tso,--arrays-uf-always,--reachability-slice-fb,--round-to-zero,--cvc4
80,288,68,76,1000,512,-2944.0,28.125,0,0,1,0,0,0,1,0,0,1,1,5000,1,2000,5,lifo,tso,--arrays-uf-always,--reachability-slice-fb,--round-to-minus-inf,--cvc4
0,415,0,210,1000,625,-2945.0,33.6,1,1,0,1,0,1,1,1,1,1,1,100,1,5000,0,0,pso,--arrays-uf-always,--reachability-slice,--round-to-plus-inf,0
92,264,15,183,1000,554,-2960.0,35.7400722022,1,0,0,1,0,1,1,0,1,1,0,5000,1,100,5,0,pso,--arrays-uf-always,--reachability-slice,--round-to-minus-inf,--mathsat
0,413,0,213,1000,626,-2995.0,34.0255591054,0,1,1,1,0,1,1,1,0,1,0,1000,20,5000,100,fifo,sc,0,0,--round-to-plus-inf,--cprover-smt2
92,400,12,200,1000,704,-3000.0,30.1136363636,1,1,1,1,1,1,1,0,0,0,0,0,1,5000,100,0,sc,--arrays-uf-always,--reachability-slice-fb,--round-to-nearest,--z3
90,411,12,203,1000,716,-3041.0,30.0279329609,1,1,1,0,0,1,1,0,0,0,1,0,10,100,10,0,tso,--arrays-uf-never,--reachability-slice,--round-to-plus-inf,--mathsat
90,415,11,207,1000,723,-3069.0,30.1521438451,1,1,1,0,1,0,1,0,1,0,0,5000,5,0,5,0,sc,--arrays-uf-always,0,--round-to-plus-inf,0
106,390,15,201,1000,712,-3094.0,30.3370786517,1,1,1,1,1,0,1,0,1,0,0,0,100,0,20,0,sc,--arrays-uf-always,0,--round-to-plus-inf,--z3
102,409,16,201,1000,728,-3115.0,29.8076923077,1,1,0,1,0,1,1,0,1,1,0,5000,10,100,20,0,tso,--arrays-uf-never,--reachability-slice-fb,--round-to-nearest,--yices
0,411,0,222,1000,633,-3141.0,35.0710900474,0,1,0,0,0,0,1,1,0,1,0,1000,100,1000,5,0,tso,0,--reachability-slice-fb,--round-to-zero,--boolector
0,416,0,223,1000,639,-3152.0,34.8982785603,1,1,1,0,0,0,1,1,1,0,0,5000,20,100,5,0,tso,--arrays-uf-always,--reachability-slice,--round-to-zero,--yices
0,428,0,225,1000,653,-3172.0,34.4563552833,0,1,1,0,1,1,1,1,0,0,0,0,10,0,0,fifo,tso,0,--reachability-slice,--round-to-nearest,--cvc4
0,420,0,227,1000,647,-3212.0,35.085007728,1,1,1,0,0,1,1,1,1,0,0,0,10,0,5,0,sc,0,--reachability-slice-fb,--round-to-plus-inf,--z3
103,406,16,207,1000,732,-3212.0,30.4644808743,0,1,1,1,0,0,1,0,1,0,0,5000,20,1000,100,0,pso,--arrays-uf-never,0,--round-to-minus-inf,--mathsat
86,419,10,218,1000,733,-3217.0,31.105047749,0,1,1,0,0,1,1,0,1,1,1,5000,1,0,10,fifo,sc,--arrays-uf-never,--reachability-slice-fb,--round-to-nearest,--mathsat
0,419,0,228,1000,647,-3229.0,35.2395672334,1,1,1,1,1,0,1,1,1,1,0,0,10,5000,20,0,tso,--arrays-uf-always,--reachability-slice-fb,--round-to-minus-inf,--cprover-smt2
0,424,0,230,1000,654,-3256.0,35.1681957187,1,1,1,0,1,0,1,1,1,1,1,5000,10,2000,20,fifo,pso,0,--reachability-slice,--round-to-plus-inf,0
92,417,14,217,1000,740,-3319.0,31.2162162162,0,1,1,1,1,1,1,0,1,1,1,2000,5,5000,5,fifo,pso,0,--reachability-slice,--round-to-zero,--boolector
110,402,21,206,1000,739,-3346.0,30.7171853857,1,1,1,1,1,0,1,0,1,0,0,2000,100,100,100,0,sc,--arrays-uf-never,0,--round-to-zero,--boolector
0,427,0,236,1000,663,-3349.0,35.5957767722,0,1,1,1,0,0,1,1,0,1,0,2000,5,1000,10,fifo,sc,--arrays-uf-never,--reachability-slice-fb,--round-to-zero,--cvc4
94,416,16,217,1000,743,-3380.0,31.3593539704,1,1,1,1,1,1,1,0,0,1,1,1000,20,100,5,fifo,pso,0,--reachability-slice,--round-to-minus-inf,--cvc4
206,329,78,110,1000,723,-3515.0,26.0027662517,1,1,0,0,1,0,1,0,1,1,1,100,10,100,5,lifo,sc,0,0,--round-to-plus-inf,0
11,429,4,240,1000,684,-3517.0,35.6725146199,0,0,1,0,0,0,1,0,0,1,1,1000,1,5000,10,0,tso,--arrays-uf-never,0,--round-to-minus-inf,--boolector
98,418,24,211,1000,751,-3530.0,31.2916111851,1,1,1,0,0,0,1,0,1,0,1,5000,100,5000,20,fifo,pso,--arrays-uf-always,--reachability-slice,--round-to-zero,--mathsat
122,414,25,213,1000,774,-3550.0,30.7493540052,0,1,1,0,1,0,1,0,0,1,1,1000,100,2000,100,0,sc,--arrays-uf-never,--reachability-slice-fb,--round-to-plus-inf,--boolector
0,448,0,262,1000,710,-3744.0,36.9014084507,0,0,1,0,1,1,1,1,0,1,1,1000,1,100,0,0,pso,0,0,--round-to-zero,--mathsat
99,191,115,32,1000,437,-3803.0,33.6384439359,1,0,1,0,0,1,0,0,0,0,1,0,100,1000,0,lifo,tso,--arrays-uf-never,--reachability-slice,--round-to-minus-inf,--z3
159,403,48,188,1000,798,-3823.0,29.5739348371,0,1,1,0,0,0,1,0,1,1,1,100,1,100,100,0,pso,0,--reachability-slice-fb,--round-to-plus-inf,0
198,387,73,175,1000,833,-4353.0,29.7719087635,0,1,1,0,1,0,1,0,1,0,0,100,10,2000,0,fifo,sc,0,0,--round-to-nearest,--mathsat
240,395,84,178,1000,897,-4661.0,29.2084726867,1,1,1,0,0,1,1,0,0,1,0,100,100,2000,0,0,tso,--arrays-uf-always,0,--round-to-plus-inf,--cprover-smt2
38,157,139,31,1000,365,-4711.0,46.5753424658,0,0,1,0,1,1,0,0,1,0,0,0,20,1000,100,lifo,tso,--arrays-uf-never,0,--round-to-zero,--boolector
107,138,146,32,1000,423,-4832.0,42.0803782506,0,0,1,1,0,0,0,0,1,0,0,0,5,2000,5,lifo,tso,--arrays-uf-always,--reachability-slice-fb,--round-to-plus-inf,--z3
36,198,142,44,1000,420,-4978.0,44.2857142857,0,0,1,0,0,0,0,0,0,1,0,0,1,5000,5,fifo,tso,0,0,--round-to-zero,--cprover-smt2
239,392,90,186,1000,907,-4986.0,30.4299889746,0,1,0,1,0,0,1,0,1,0,1,100,100,100,5,0,sc,--arrays-uf-always,--reachability-slice,--round-to-plus-inf,--yices
139,138,161,36,1000,474,-5312.0,41.5611814346,1,0,1,1,1,0,0,0,1,1,1,5000,20,5000,20,fifo,pso,--arrays-uf-always,--reachability-slice,--round-to-minus-inf,--cvc4
114,148,176,30,1000,468,-5736.0,44.0170940171,0,0,1,1,0,0,0,0,1,0,0,2000,20,5000,100,fifo,sc,--arrays-uf-never,0,--round-to-zero,--yices
176,139,182,37,1000,534,-5925.0,41.0112359551,1,0,1,0,0,0,0,0,1,1,0,2000,20,5000,10,fifo,tso,--arrays-uf-always,--reachability-slice-fb,--round-to-plus-inf,--boolector
205,146,219,34,1000,604,-6996.0,41.8874172185,0,0,1,0,1,0,0,0,1,0,0,1000,10,1000,20,fifo,pso,--arrays-uf-never,0,--round-to-nearest,--cvc4
217,1,248,0,1000,466,-7501.0,53.2188841202,0,0,0,0,1,1,1,0,0,0,1,100,5,2000,100,fifo,sc,0,--reachability-slice-fb,--round-to-minus-inf,--boolector
265,186,282,59,1000,792,-9252.0,43.0555555556,1,0,1,1,1,1,1,0,1,0,1,100,20,1000,0,fifo,pso,0,0,--round-to-zero,--yices
268,188,285,92,1000,833,-9868.0,45.2581032413,0,0,0,1,1,1,1,0,1,1,0,100,20,1000,0,lifo,pso,0,--reachability-slice-fb,--round-to-zero,--mathsat
299,0,328,0,1000,627,-9898.0,52.312599681,0,1,1,1,1,1,0,0,0,0,1,1000,5,100,10,lifo,sc,0,--reachability-slice-fb,--round-to-nearest,--cprover-smt2
265,0,327,0,1000,592,-9934.0,55.2364864865,1,1,0,1,1,1,0,0,0,0,1,2000,10,100,5,lifo,sc,--arrays-uf-always,0,--round-to-minus-inf,--boolector
295,102,326,30,1000,753,-10220.0,47.2775564409,0,1,1,0,0,0,0,0,1,0,1,0,20,100,0,lifo,pso,--arrays-uf-always,--reachability-slice-fb,--round-to-plus-inf,--cprover-smt2
284,120,323,38,1000,765,-10256.0,47.1895424837,1,1,1,0,1,0,0,0,0,1,0,5000,5,1000,10,0,tso,--arrays-uf-always,0,--round-to-plus-inf,--z3
293,70,337,10,1000,710,-10288.0,48.8732394366,0,1,0,0,0,1,0,0,0,0,0,2000,5,2000,20,lifo,sc,--arrays-uf-always,0,--round-to-minus-inf,--mathsat
300,111,329,32,1000,772,-10329.0,46.7616580311,1,1,1,1,0,1,0,0,0,1,0,0,100,2000,10,fifo,sc,--arrays-uf-always,0,--round-to-nearest,0
309,103,330,31,1000,773,-10335.0,46.701164295,1,1,1,0,1,0,0,0,1,0,1,1000,100,5000,20,lifo,tso,0,--reachability-slice-fb,--round-to-minus-inf,--z3
304,96,338,14,1000,752,-10336.0,46.8085106383,0,1,0,0,1,1,0,0,0,1,1,5000,5,1000,0,0,pso,0,0,--round-to-nearest,--cprover-smt2
286,112,325,39,1000,762,-10340.0,47.7690288714,1,1,1,0,0,1,0,0,0,1,0,2000,10,1000,100,fifo,pso,--arrays-uf-always,--reachability-slice,--round-to-nearest,--mathsat
303,99,334,23,1000,759,-10351.0,47.0355731225,1,1,1,1,0,0,0,0,0,0,0,1000,20,2000,0,fifo,pso,--arrays-uf-never,0,--round-to-plus-inf,--z3
319,100,333,29,1000,781,-10382.0,46.3508322663,1,1,1,1,1,0,0,0,1,0,0,1000,100,100,100,lifo,sc,0,--reachability-slice-fb,--round-to-plus-inf,--mathsat
311,97,340,14,1000,762,-10385.0,46.4566929134,0,1,0,1,0,1,0,0,0,1,0,0,10,0,20,0,tso,--arrays-uf-never,0,--round-to-plus-inf,--mathsat
296,104,330,33,1000,763,-10392.0,47.5753604194,1,1,1,1,1,0,0,0,1,1,1,5000,5,0,0,lifo,sc,0,0,--round-to-zero,--z3
231,227,259,175,1000,892,-10399.0,48.6547085202,0,0,0,0,0,1,1,0,1,1,1,100,5,5000,0,0,pso,--arrays-uf-always,--reachability-slice-fb,--round-to-nearest,--z3
287,107,327,41,1000,762,-10439.0,48.2939632546,1,1,1,0,0,1,0,0,0,1,0,2000,10,100,10,lifo,pso,--arrays-uf-never,--reachability-slice,--round-to-plus-inf,--z3
301,106,332,34,1000,773,-10460.0,47.3479948254,0,1,1,1,1,0,0,0,1,1,1,1000,10,1000,100,fifo,tso,0,0,--round-to-nearest,--z3
296,118,327,45,1000,786,-10474.0,47.3282442748,0,1,1,0,0,0,0,0,1,0,1,2000,10,0,100,0,tso,--arrays-uf-never,--reachability-slice-fb,--round-to-nearest,0
302,101,334,34,1000,771,-10527.0,47.7302204929,0,1,1,1,1,1,0,0,1,1,1,5000,100,1000,100,lifo,sc,--arrays-uf-never,0,--round-to-minus-inf,0
299,114,333,38,1000,784,-10552.0,47.3214285714,0,1,1,1,0,0,0,0,1,0,1,1000,5,2000,0,0,sc,--arrays-uf-always,0,--round-to-nearest,--cvc4
292,120,331,43,1000,786,-10576.0,47.582697201,0,1,1,0,0,1,0,0,1,0,0,1000,5,0,0,0,pso,--arrays-uf-never,--reachability-slice,--round-to-zero,--z3
295,96,336,33,1000,760,-10594.0,48.5526315789,0,1,0,0,1,1,0,0,0,1,0,2000,20,5000,5,fifo,sc,--arrays-uf-always,--reachability-slice-fb,--round-to-zero,0
302,95,340,28,1000,765,-10629.0,48.1045751634,0,1,0,1,0,1,0,0,1,0,0,1000,20,100,0,fifo,tso,--arrays-uf-never,--reachability-slice-fb,--round-to-nearest,--boolector
287,128,329,51,1000,795,-10642.0,47.7987421384,0,1,1,0,1,1,0,0,0,0,1,2000,5,0,20,0,sc,0,--reachability-slice-fb,--round-to-zero,0
304,96,341,28,1000,769,-10656.0,47.9843953186,1,1,0,0,0,1,0,0,1,0,0,5000,100,5000,5,0,pso,0,--reachability-slice-fb,--round-to-nearest,0
306,111,335,42,1000,794,-10669.0,47.4811083123,1,1,1,1,1,0,0,0,1,0,1,2000,20,0,100,0,pso,--arrays-uf-never,--reachability-slice-fb,--round-to-plus-inf,--cvc4
294,96,338,35,1000,763,-10692.0,48.8859764089,0,1,0,0,1,1,0,0,0,1,0,0,20,2000,20,lifo,tso,0,--reachability-slice,--round-to-minus-inf,--mathsat
290,222,278,163,1000,953,-10702.0,46.2749213012,1,0,0,0,0,0,1,0,0,0,1,100,100,100,20,0,sc,--arrays-uf-never,0,--round-to-minus-inf,--cvc4
336,0,356,0,1000,692,-10720.0,51.4450867052,0,1,1,1,0,1,0,0,0,0,1,100,20,0,0,lifo,pso,--arrays-uf-always,--reachability-slice,--round-to-plus-inf,--cprover-smt2
303,112,338,39,1000,792,-10722.0,47.601010101,0,1,1,0,0,0,0,0,1,1,0,0,20,2000,20,fifo,tso,0,--reachability-slice,--round-to-plus-inf,--yices
309,98,341,33,1000,781,-10724.0,47.8873239437,1,1,0,1,0,1,0,0,0,1,1,2000,20,2000,100,0,pso,--arrays-uf-always,--reachability-slice-fb,--round-to-plus-inf,--yices
308,113,339,38,1000,798,-10727.0,47.2431077694,1,1,1,0,0,0,0,0,1,1,1,2000,100,2000,5,0,tso,--arrays-uf-always,--reachability-slice,--round-to-plus-inf,--mathsat
314,114,337,43,1000,808,-10730.0,47.0297029703,0,1,1,0,1,1,0,0,0,1,0,1000,100,100,5,0,tso,0,--reachability-slice,--round-to-minus-inf,--cprover-smt2
325,0,356,0,1000,681,-10742.0,52.2760646109,0,1,1,0,1,0,0,0,0,0,1,100,5,5000,10,lifo,sc,--arrays-uf-always,0,--round-to-minus-inf,--yices
311,108,345,33,1000,797,-10838.0,47.4278544542,1,1,0,0,0,0,0,0,1,0,1,0,1,2000,10,0,pso,0,--reachability-slice,--round-to-plus-inf,--cprover-smt2
330,107,349,29,1000,815,-10865.0,46.3803680982,1,1,1,1,0,0,0,0,0,0,1,1000,100,2000,0,0,tso,--arrays-uf-always,--reachability-slice,--round-to-plus-inf,--cvc4
307,105,345,34,1000,791,-10865.0,47.9140328698,1,1,0,1,0,1,0,0,1,1,1,1000,10,1000,20,0,sc,--arrays-uf-never,--reachability-slice,--round-to-plus-inf,--mathsat
312,103,351,33,1000,799,-11033.0,48.0600750939,0,1,0,0,1,0,0,0,1,0,1,0,20,5000,100,0,tso,--arrays-uf-always,--reachability-slice,--round-to-plus-inf,0
312,98,354,32,1000,796,-11118.0,48.4924623116,0,1,0,1,0,0,0,0,1,0,0,2000,5,2000,5,lifo,tso,--arrays-uf-never,--reachability-slice,--round-to-nearest,--z3
314,109,353,40,1000,816,-11199.0,48.1617647059,0,1,0,0,1,0,0,0,0,1,0,0,5,100,100,0,tso,--arrays-uf-never,--reachability-slice,--round-to-zero,--mathsat
327,88,365,22,1000,802,-11290.0,48.2543640898,1,1,0,0,0,1,0,0,0,1,0,100,5,0,10,0,tso,0,--reachability-slice-fb,--round-to-plus-inf,--boolector
328,87,369,21,1000,805,-11401.0,48.4472049689,1,1,0,0,1,0,0,0,1,1,0,100,1,100,0,0,sc,0,--reachability-slice,--round-to-zero,--boolector
365,78,383,21,1000,847,-11784.0,47.6977567887,0,1,0,1,0,0,0,0,0,1,1,100,20,5000,5,lifo,sc,0,--reachability-slice-fb,--round-to-nearest,--boolector
353,71,395,5,1000,824,-11943.0,48.5436893204,0,0,0,0,0,1,0,0,1,0,0,100,1,5000,10,0,pso,--arrays-uf-always,--reachability-slice-fb,--round-to-nearest,--cvc4
355,69,396,5,1000,825,-11973.0,48.6060606061,0,0,0,0,0,0,0,0,1,1,0,100,1,0,100,lifo,pso,--arrays-uf-always,--reachability-slice,--round-to-nearest,--cprover-smt2
407,79,404,19,1000,909,-12339.0,46.5346534653,0,0,1,0,1,0,0,0,1,1,0,100,10,100,100,fifo,sc,--arrays-uf-never,--reachability-slice-fb,--round-to-plus-inf,--cprover-smt2
403,65,415,1,1000,884,-12425.0,47.0588235294,0,0,0,1,0,1,0,0,0,1,0,100,5,100,20,fifo,sc,--arrays-uf-always,--reachability-slice-fb,--round-to-nearest,--mathsat
422,66,418,1,1000,907,-12482.0,46.1962513782,0,0,0,1,1,1,0,0,1,0,0,100,10,100,10,lifo,sc,--arrays-uf-never,--reachability-slice,--round-to-nearest,--boolector
425,75,417,5,1000,922,-12499.0,45.7700650759,1,0,0,1,0,1,0,0,0,0,1,100,10,1000,5,0,pso,0,--reachability-slice-fb,--round-to-nearest,0
459,64,439,7,1000,969,-13178.0,46.0268317853,1,0,0,1,1,1,0,0,0,1,0,100,100,1000,20,lifo,pso,--arrays-uf-always,--reachability-slice,--round-to-minus-inf,0
441,66,438,8,1000,953,-13196.0,46.7995802728,0,0,0,1,0,0,0,0,1,0,1,100,20,0,0,fifo,pso,--arrays-uf-never,--reachability-slice-fb,--round-to-zero,--yices
448,76,433,23,1000,980,-13252.0,46.5306122449,0,0,1,1,0,1,0,0,1,0,1,100,100,0,20,fifo,tso,0,--reachability-slice-fb,--round-to-minus-inf,--mathsat